id,entityType,name,category,parentId,parentName
,SUPPLIER,Supplier_001,Vendor,,
,SUPPLIER,Supplier_002,Vendor,,
,SUPPLIER,Supplier_003,Vendor,,
,SUPPLIER,Supplier_004,Vendor,,
,SUPPLIER,Supplier_005,Vendor,,
,SUPPLIER,Supplier_006,Vendor,,
,SUPPLIER,Supplier_007,Vendor,,
,SUPPLIER,Supplier_008,Vendor,,
,SUPPLIER,Supplier_009,Vendor,,
,SUPPLIER,Supplier_010,Vendor,,
,SUPPLIER,Supplier_011,Vendor,,
,SUPPLIER,Supplier_012,Vendor,,
,SUPPLIER,Supplier_013,Vendor,,
,SUPPLIER,Supplier_014,Vendor,,
,RAW_MATERIAL,RawMaterial_0001,Primary Resource,,Supplier_011
,RAW_MATERIAL,RawMaterial_0002,Primary Resource,,Supplier_002
,RAW_MATERIAL,RawMaterial_0003,Primary Resource,,Supplier_001
,RAW_MATERIAL,RawMaterial_0004,Primary Resource,,Supplier_012
,RAW_MATERIAL,RawMaterial_0005,Primary Resource,,Supplier_005
,RAW_MATERIAL,RawMaterial_0006,Primary Resource,,Supplier_004
,RAW_MATERIAL,RawMaterial_0007,Primary Resource,,Supplier_004
,RAW_MATERIAL,RawMaterial_0008,Primary Resource,,Supplier_003
,RAW_MATERIAL,RawMaterial_0009,Primary Resource,,Supplier_012
,RAW_MATERIAL,RawMaterial_0010,Primary Resource,,Supplier_002
,RAW_MATERIAL,RawMaterial_0011,Primary Resource,,Supplier_011
,RAW_MATERIAL,RawMaterial_0012,Primary Resource,,Supplier_012
,RAW_MATERIAL,RawMaterial_0013,Primary Resource,,Supplier_009
,RAW_MATERIAL,RawMaterial_0014,Primary Resource,,Supplier_002
,RAW_MATERIAL,RawMaterial_0015,Primary Resource,,Supplier_010
,RAW_MATERIAL,RawMaterial_0016,Primary Resource,,Supplier_007
,RAW_MATERIAL,RawMaterial_0017,Primary Resource,,Supplier_001
,RAW_MATERIAL,RawMaterial_0018,Primary Resource,,Supplier_001
,RAW_MATERIAL,RawMaterial_0019,Primary Resource,,Supplier_002
,RAW_MATERIAL,RawMaterial_0020,Primary Resource,,Supplier_004
,RAW_MATERIAL,RawMaterial_0021,Primary Resource,,Supplier_004
,RAW_MATERIAL,RawMaterial_0022,Primary Resource,,Supplier_009
,RAW_MATERIAL,RawMaterial_0023,Primary Resource,,Supplier_010
,RAW_MATERIAL,RawMaterial_0024,Primary Resource,,Supplier_001
,RAW_MATERIAL,RawMaterial_0025,Primary Resource,,Supplier_009
,RAW_MATERIAL,RawMaterial_0026,Primary Resource,,Supplier_004
,RAW_MATERIAL,RawMaterial_0027,Primary Resource,,Supplier_012
,RAW_MATERIAL,RawMaterial_0028,Primary Resource,,Supplier_011
,RAW_MATERIAL,RawMaterial_0029,Primary Resource,,Supplier_012
,RAW_MATERIAL,RawMaterial_0030,Primary Resource,,Supplier_009
,RAW_MATERIAL,RawMaterial_0031,Primary Resource,,Supplier_007
,RAW_MATERIAL,RawMaterial_0032,Primary Resource,,Supplier_004
,RAW_MATERIAL,RawMaterial_0033,Primary Resource,,Supplier_008
,RAW_MATERIAL,RawMaterial_0034,Primary Resource,,Supplier_010
,RAW_MATERIAL,RawMaterial_0035,Primary Resource,,Supplier_005
,RAW_MATERIAL,RawMaterial_0036,Primary Resource,,Supplier_013
,RAW_MATERIAL,RawMaterial_0037,Primary Resource,,Supplier_014
,RAW_MATERIAL,RawMaterial_0038,Primary Resource,,Supplier_001
,RAW_MATERIAL,RawMaterial_0039,Primary Resource,,Supplier_013
,RAW_MATERIAL,RawMaterial_0040,Primary Resource,,Supplier_013
,RAW_MATERIAL,RawMaterial_0041,Primary Resource,,Supplier_003
,RAW_MATERIAL,RawMaterial_0042,Primary Resource,,Supplier_012
,RAW_MATERIAL,RawMaterial_0043,Primary Resource,,Supplier_007
,RAW_MATERIAL,RawMaterial_0044,Primary Resource,,Supplier_006
,RAW_MATERIAL,RawMaterial_0045,Primary Resource,,Supplier_005
,RAW_MATERIAL,RawMaterial_0046,Primary Resource,,Supplier_003
,RAW_MATERIAL,RawMaterial_0047,Primary Resource,,Supplier_004
,RAW_MATERIAL,RawMaterial_0048,Primary Resource,,Supplier_013
,RAW_MATERIAL,RawMaterial_0049,Primary Resource,,Supplier_006
,RAW_MATERIAL,RawMaterial_0050,Primary Resource,,Supplier_002
,RAW_MATERIAL,RawMaterial_0051,Primary Resource,,Supplier_002
,RAW_MATERIAL,RawMaterial_0052,Primary Resource,,Supplier_007
,RAW_MATERIAL,RawMaterial_0053,Primary Resource,,Supplier_002
,RAW_MATERIAL,RawMaterial_0054,Primary Resource,,Supplier_006
,RAW_MATERIAL,RawMaterial_0055,Primary Resource,,Supplier_014
,RAW_MATERIAL,RawMaterial_0056,Primary Resource,,Supplier_006
,RAW_MATERIAL,RawMaterial_0057,Primary Resource,,Supplier_010
,RAW_MATERIAL,RawMaterial_0058,Primary Resource,,Supplier_005
,RAW_MATERIAL,RawMaterial_0059,Primary Resource,,Supplier_013
,RAW_MATERIAL,RawMaterial_0060,Primary Resource,,Supplier_001
,RAW_MATERIAL,RawMaterial_0061,Primary Resource,,Supplier_012
,RAW_MATERIAL,RawMaterial_0062,Primary Resource,,Supplier_008
,RAW_MATERIAL,RawMaterial_0063,Primary Resource,,Supplier_009
,RAW_MATERIAL,RawMaterial_0064,Primary Resource,,Supplier_002
,RAW_MATERIAL,RawMaterial_0065,Primary Resource,,Supplier_007
,RAW_MATERIAL,RawMaterial_0066,Primary Resource,,Supplier_002
,RAW_MATERIAL,RawMaterial_0067,Primary Resource,,Supplier_009
,RAW_MATERIAL,RawMaterial_0068,Primary Resource,,Supplier_005
,RAW_MATERIAL,RawMaterial_0069,Primary Resource,,Supplier_014
,RAW_MATERIAL,RawMaterial_0070,Primary Resource,,Supplier_011
,RAW_MATERIAL,RawMaterial_0071,Primary Resource,,Supplier_010
,RAW_MATERIAL,RawMaterial_0072,Primary Resource,,Supplier_014
,RAW_MATERIAL,RawMaterial_0073,Primary Resource,,Supplier_006
,RAW_MATERIAL,RawMaterial_0074,Primary Resource,,Supplier_010
,RAW_MATERIAL,RawMaterial_0075,Primary Resource,,Supplier_004
,RAW_MATERIAL,RawMaterial_0076,Primary Resource,,Supplier_012
,RAW_MATERIAL,RawMaterial_0077,Primary Resource,,Supplier_002
,RAW_MATERIAL,RawMaterial_0078,Primary Resource,,Supplier_001
,RAW_MATERIAL,RawMaterial_0079,Primary Resource,,Supplier_011
,RAW_MATERIAL,RawMaterial_0080,Primary Resource,,Supplier_004
,RAW_MATERIAL,RawMaterial_0081,Primary Resource,,Supplier_013
,RAW_MATERIAL,RawMaterial_0082,Primary Resource,,Supplier_005
,RAW_MATERIAL,RawMaterial_0083,Primary Resource,,Supplier_002
,RAW_MATERIAL,RawMaterial_0084,Primary Resource,,Supplier_014
,RAW_MATERIAL,RawMaterial_0085,Primary Resource,,Supplier_004
,RAW_MATERIAL,RawMaterial_0086,Primary Resource,,Supplier_014
,RAW_MATERIAL,RawMaterial_0087,Primary Resource,,Supplier_002
,RAW_MATERIAL,RawMaterial_0088,Primary Resource,,Supplier_007
,RAW_MATERIAL,RawMaterial_0089,Primary Resource,,Supplier_005
,RAW_MATERIAL,RawMaterial_0090,Primary Resource,,Supplier_008
,RAW_MATERIAL,RawMaterial_0091,Primary Resource,,Supplier_011
,RAW_MATERIAL,RawMaterial_0092,Primary Resource,,Supplier_014
,RAW_MATERIAL,RawMaterial_0093,Primary Resource,,Supplier_006
,RAW_MATERIAL,RawMaterial_0094,Primary Resource,,Supplier_003
,RAW_MATERIAL,RawMaterial_0095,Primary Resource,,Supplier_006
,RAW_MATERIAL,RawMaterial_0096,Primary Resource,,Supplier_006
,RAW_MATERIAL,RawMaterial_0097,Primary Resource,,Supplier_004
,RAW_MATERIAL,RawMaterial_0098,Primary Resource,,Supplier_011
,RAW_MATERIAL,RawMaterial_0099,Primary Resource,,Supplier_005
,RAW_MATERIAL,RawMaterial_0100,Primary Resource,,Supplier_012
,COMPONENT,Component_0001,Intermediate Part,,RawMaterial_0088
,COMPONENT,Component_0002,Intermediate Part,,RawMaterial_0083
,COMPONENT,Component_0003,Intermediate Part,,RawMaterial_0010
,COMPONENT,Component_0004,Intermediate Part,,RawMaterial_0078
,COMPONENT,Component_0005,Intermediate Part,,RawMaterial_0082
,COMPONENT,Component_0006,Intermediate Part,,RawMaterial_0022
,COMPONENT,Component_0007,Intermediate Part,,RawMaterial_0069
,COMPONENT,Component_0008,Intermediate Part,,RawMaterial_0094
,COMPONENT,Component_0009,Intermediate Part,,RawMaterial_0032
,COMPONENT,Component_0010,Intermediate Part,,RawMaterial_0021
,COMPONENT,Component_0011,Intermediate Part,,RawMaterial_0060
,COMPONENT,Component_0012,Intermediate Part,,RawMaterial_0049
,COMPONENT,Component_0013,Intermediate Part,,RawMaterial_0035
,COMPONENT,Component_0014,Intermediate Part,,RawMaterial_0082
,COMPONENT,Component_0015,Intermediate Part,,RawMaterial_0089
,COMPONENT,Component_0016,Intermediate Part,,RawMaterial_0072
,COMPONENT,Component_0017,Intermediate Part,,RawMaterial_0029
,COMPONENT,Component_0018,Intermediate Part,,RawMaterial_0088
,COMPONENT,Component_0019,Intermediate Part,,RawMaterial_0042
,COMPONENT,Component_0020,Intermediate Part,,RawMaterial_0099
,COMPONENT,Component_0021,Intermediate Part,,RawMaterial_0100
,COMPONENT,Component_0022,Intermediate Part,,RawMaterial_0008
,COMPONENT,Component_0023,Intermediate Part,,RawMaterial_0030
,COMPONENT,Component_0024,Intermediate Part,,RawMaterial_0005
,COMPONENT,Component_0025,Intermediate Part,,RawMaterial_0041
,COMPONENT,Component_0026,Intermediate Part,,RawMaterial_0052
,COMPONENT,Component_0027,Intermediate Part,,RawMaterial_0035
,COMPONENT,Component_0028,Intermediate Part,,RawMaterial_0009
,COMPONENT,Component_0029,Intermediate Part,,RawMaterial_0028
,COMPONENT,Component_0030,Intermediate Part,,RawMaterial_0073
,COMPONENT,Component_0031,Intermediate Part,,RawMaterial_0092
,COMPONENT,Component_0032,Intermediate Part,,RawMaterial_0041
,COMPONENT,Component_0033,Intermediate Part,,RawMaterial_0028
,COMPONENT,Component_0034,Intermediate Part,,RawMaterial_0084
,COMPONENT,Component_0035,Intermediate Part,,RawMaterial_0064
,COMPONENT,Component_0036,Intermediate Part,,RawMaterial_0051
,COMPONENT,Component_0037,Intermediate Part,,RawMaterial_0083
,COMPONENT,Component_0038,Intermediate Part,,RawMaterial_0059
,COMPONENT,Component_0039,Intermediate Part,,RawMaterial_0019
,COMPONENT,Component_0040,Intermediate Part,,RawMaterial_0034
,COMPONENT,Component_0041,Intermediate Part,,RawMaterial_0018
,COMPONENT,Component_0042,Intermediate Part,,RawMaterial_0032
,COMPONENT,Component_0043,Intermediate Part,,RawMaterial_0096
,COMPONENT,Component_0044,Intermediate Part,,RawMaterial_0072
,COMPONENT,Component_0045,Intermediate Part,,RawMaterial_0069
,COMPONENT,Component_0046,Intermediate Part,,RawMaterial_0034
,COMPONENT,Component_0047,Intermediate Part,,RawMaterial_0096
,COMPONENT,Component_0048,Intermediate Part,,RawMaterial_0075
,COMPONENT,Component_0049,Intermediate Part,,RawMaterial_0055
,COMPONENT,Component_0050,Intermediate Part,,RawMaterial_0075
,COMPONENT,Component_0051,Intermediate Part,,RawMaterial_0052
,COMPONENT,Component_0052,Intermediate Part,,RawMaterial_0047
,COMPONENT,Component_0053,Intermediate Part,,RawMaterial_0029
,COMPONENT,Component_0054,Intermediate Part,,RawMaterial_0018
,COMPONENT,Component_0055,Intermediate Part,,RawMaterial_0066
,COMPONENT,Component_0056,Intermediate Part,,RawMaterial_0064
,COMPONENT,Component_0057,Intermediate Part,,RawMaterial_0012
,COMPONENT,Component_0058,Intermediate Part,,RawMaterial_0097
,COMPONENT,Component_0059,Intermediate Part,,RawMaterial_0007
,COMPONENT,Component_0060,Intermediate Part,,RawMaterial_0015
,COMPONENT,Component_0061,Intermediate Part,,RawMaterial_0020
,COMPONENT,Component_0062,Intermediate Part,,RawMaterial_0081
,COMPONENT,Component_0063,Intermediate Part,,RawMaterial_0021
,COMPONENT,Component_0064,Intermediate Part,,RawMaterial_0088
,COMPONENT,Component_0065,Intermediate Part,,RawMaterial_0055
,COMPONENT,Component_0066,Intermediate Part,,RawMaterial_0077
,COMPONENT,Component_0067,Intermediate Part,,RawMaterial_0009
,COMPONENT,Component_0068,Intermediate Part,,RawMaterial_0050
,COMPONENT,Component_0069,Intermediate Part,,RawMaterial_0049
,COMPONENT,Component_0070,Intermediate Part,,RawMaterial_0077
,COMPONENT,Component_0071,Intermediate Part,,RawMaterial_0060
,COMPONENT,Component_0072,Intermediate Part,,RawMaterial_0068
,COMPONENT,Component_0073,Intermediate Part,,RawMaterial_0033
,COMPONENT,Component_0074,Intermediate Part,,RawMaterial_0071
,COMPONENT,Component_0075,Intermediate Part,,RawMaterial_0002
,COMPONENT,Component_0076,Intermediate Part,,RawMaterial_0088
,COMPONENT,Component_0077,Intermediate Part,,RawMaterial_0093
,COMPONENT,Component_0078,Intermediate Part,,RawMaterial_0015
,COMPONENT,Component_0079,Intermediate Part,,RawMaterial_0088
,COMPONENT,Component_0080,Intermediate Part,,RawMaterial_0069
,COMPONENT,Component_0081,Intermediate Part,,RawMaterial_0097
,COMPONENT,Component_0082,Intermediate Part,,RawMaterial_0035
,COMPONENT,Component_0083,Intermediate Part,,RawMaterial_0099
,COMPONENT,Component_0084,Intermediate Part,,RawMaterial_0083
,COMPONENT,Component_0085,Intermediate Part,,RawMaterial_0044
,COMPONENT,Component_0086,Intermediate Part,,RawMaterial_0015
,COMPONENT,Component_0087,Intermediate Part,,RawMaterial_0038
,COMPONENT,Component_0088,Intermediate Part,,RawMaterial_0056
,COMPONENT,Component_0089,Intermediate Part,,RawMaterial_0021
,COMPONENT,Component_0090,Intermediate Part,,RawMaterial_0059
,COMPONENT,Component_0091,Intermediate Part,,RawMaterial_0001
,COMPONENT,Component_0092,Intermediate Part,,RawMaterial_0093
,COMPONENT,Component_0093,Intermediate Part,,RawMaterial_0093
,COMPONENT,Component_0094,Intermediate Part,,RawMaterial_0034
,COMPONENT,Component_0095,Intermediate Part,,RawMaterial_0065
,COMPONENT,Component_0096,Intermediate Part,,RawMaterial_0098
,COMPONENT,Component_0097,Intermediate Part,,RawMaterial_0023
,COMPONENT,Component_0098,Intermediate Part,,RawMaterial_0065
,COMPONENT,Component_0099,Intermediate Part,,RawMaterial_0014
,COMPONENT,Component_0100,Intermediate Part,,RawMaterial_0081
,COMPONENT,Component_0101,Intermediate Part,,RawMaterial_0039
,COMPONENT,Component_0102,Intermediate Part,,RawMaterial_0082
,COMPONENT,Component_0103,Intermediate Part,,RawMaterial_0065
,COMPONENT,Component_0104,Intermediate Part,,RawMaterial_0078
,COMPONENT,Component_0105,Intermediate Part,,RawMaterial_0026
,COMPONENT,Component_0106,Intermediate Part,,RawMaterial_0020
,COMPONENT,Component_0107,Intermediate Part,,RawMaterial_0048
,COMPONENT,Component_0108,Intermediate Part,,RawMaterial_0098
,COMPONENT,Component_0109,Intermediate Part,,RawMaterial_0021
,COMPONENT,Component_0110,Intermediate Part,,RawMaterial_0070
,COMPONENT,Component_0111,Intermediate Part,,RawMaterial_0100
,COMPONENT,Component_0112,Intermediate Part,,RawMaterial_0068
,COMPONENT,Component_0113,Intermediate Part,,RawMaterial_0001
,COMPONENT,Component_0114,Intermediate Part,,RawMaterial_0077
,COMPONENT,Component_0115,Intermediate Part,,RawMaterial_0042
,COMPONENT,Component_0116,Intermediate Part,,RawMaterial_0063
,COMPONENT,Component_0117,Intermediate Part,,RawMaterial_0003
,COMPONENT,Component_0118,Intermediate Part,,RawMaterial_0015
,COMPONENT,Component_0119,Intermediate Part,,RawMaterial_0047
,COMPONENT,Component_0120,Intermediate Part,,RawMaterial_0040
,COMPONENT,Component_0121,Intermediate Part,,RawMaterial_0031
,COMPONENT,Component_0122,Intermediate Part,,RawMaterial_0008
,COMPONENT,Component_0123,Intermediate Part,,RawMaterial_0031
,COMPONENT,Component_0124,Intermediate Part,,RawMaterial_0073
,COMPONENT,Component_0125,Intermediate Part,,RawMaterial_0011
,COMPONENT,Component_0126,Intermediate Part,,RawMaterial_0011
,COMPONENT,Component_0127,Intermediate Part,,RawMaterial_0094
,COMPONENT,Component_0128,Intermediate Part,,RawMaterial_0063
,COMPONENT,Component_0129,Intermediate Part,,RawMaterial_0009
,COMPONENT,Component_0130,Intermediate Part,,RawMaterial_0098
,COMPONENT,Component_0131,Intermediate Part,,RawMaterial_0069
,COMPONENT,Component_0132,Intermediate Part,,RawMaterial_0099
,COMPONENT,Component_0133,Intermediate Part,,RawMaterial_0017
,COMPONENT,Component_0134,Intermediate Part,,RawMaterial_0017
,COMPONENT,Component_0135,Intermediate Part,,RawMaterial_0085
,COMPONENT,Component_0136,Intermediate Part,,RawMaterial_0061
,COMPONENT,Component_0137,Intermediate Part,,RawMaterial_0071
,COMPONENT,Component_0138,Intermediate Part,,RawMaterial_0022
,COMPONENT,Component_0139,Intermediate Part,,RawMaterial_0034
,COMPONENT,Component_0140,Intermediate Part,,RawMaterial_0068
,COMPONENT,Component_0141,Intermediate Part,,RawMaterial_0078
,COMPONENT,Component_0142,Intermediate Part,,RawMaterial_0055
,COMPONENT,Component_0143,Intermediate Part,,RawMaterial_0028
,COMPONENT,Component_0144,Intermediate Part,,RawMaterial_0070
,COMPONENT,Component_0145,Intermediate Part,,RawMaterial_0097
,COMPONENT,Component_0146,Intermediate Part,,RawMaterial_0094
,COMPONENT,Component_0147,Intermediate Part,,RawMaterial_0089
,COMPONENT,Component_0148,Intermediate Part,,RawMaterial_0026
,COMPONENT,Component_0149,Intermediate Part,,RawMaterial_0092
,COMPONENT,Component_0150,Intermediate Part,,RawMaterial_0040
,COMPONENT,Component_0151,Intermediate Part,,RawMaterial_0052
,COMPONENT,Component_0152,Intermediate Part,,RawMaterial_0086
,COMPONENT,Component_0153,Intermediate Part,,RawMaterial_0084
,COMPONENT,Component_0154,Intermediate Part,,RawMaterial_0048
,COMPONENT,Component_0155,Intermediate Part,,RawMaterial_0057
,COMPONENT,Component_0156,Intermediate Part,,RawMaterial_0067
,COMPONENT,Component_0157,Intermediate Part,,RawMaterial_0058
,COMPONENT,Component_0158,Intermediate Part,,RawMaterial_0016
,COMPONENT,Component_0159,Intermediate Part,,RawMaterial_0032
,COMPONENT,Component_0160,Intermediate Part,,RawMaterial_0029
,COMPONENT,Component_0161,Intermediate Part,,RawMaterial_0009
,COMPONENT,Component_0162,Intermediate Part,,RawMaterial_0044
,COMPONENT,Component_0163,Intermediate Part,,RawMaterial_0003
,COMPONENT,Component_0164,Intermediate Part,,RawMaterial_0076
,COMPONENT,Component_0165,Intermediate Part,,RawMaterial_0071
,COMPONENT,Component_0166,Intermediate Part,,RawMaterial_0030
,COMPONENT,Component_0167,Intermediate Part,,RawMaterial_0076
,COMPONENT,Component_0168,Intermediate Part,,RawMaterial_0029
,COMPONENT,Component_0169,Intermediate Part,,RawMaterial_0001
,COMPONENT,Component_0170,Intermediate Part,,RawMaterial_0010
,COMPONENT,Component_0171,Intermediate Part,,RawMaterial_0091
,COMPONENT,Component_0172,Intermediate Part,,RawMaterial_0081
,COMPONENT,Component_0173,Intermediate Part,,RawMaterial_0008
,COMPONENT,Component_0174,Intermediate Part,,RawMaterial_0030
,COMPONENT,Component_0175,Intermediate Part,,RawMaterial_0009
,COMPONENT,Component_0176,Intermediate Part,,RawMaterial_0005
,COMPONENT,Component_0177,Intermediate Part,,RawMaterial_0043
,COMPONENT,Component_0178,Intermediate Part,,RawMaterial_0010
,COMPONENT,Component_0179,Intermediate Part,,RawMaterial_0066
,COMPONENT,Component_0180,Intermediate Part,,RawMaterial_0031
,COMPONENT,Component_0181,Intermediate Part,,RawMaterial_0036
,COMPONENT,Component_0182,Intermediate Part,,RawMaterial_0086
,COMPONENT,Component_0183,Intermediate Part,,RawMaterial_0063
,COMPONENT,Component_0184,Intermediate Part,,RawMaterial_0028
,COMPONENT,Component_0185,Intermediate Part,,RawMaterial_0070
,COMPONENT,Component_0186,Intermediate Part,,RawMaterial_0017
,COMPONENT,Component_0187,Intermediate Part,,RawMaterial_0093
,COMPONENT,Component_0188,Intermediate Part,,RawMaterial_0074
,COMPONENT,Component_0189,Intermediate Part,,RawMaterial_0074
,COMPONENT,Component_0190,Intermediate Part,,RawMaterial_0061
,COMPONENT,Component_0191,Intermediate Part,,RawMaterial_0032
,COMPONENT,Component_0192,Intermediate Part,,RawMaterial_0061
,COMPONENT,Component_0193,Intermediate Part,,RawMaterial_0053
,COMPONENT,Component_0194,Intermediate Part,,RawMaterial_0025
,COMPONENT,Component_0195,Intermediate Part,,RawMaterial_0013
,COMPONENT,Component_0196,Intermediate Part,,RawMaterial_0013
,COMPONENT,Component_0197,Intermediate Part,,RawMaterial_0085
,COMPONENT,Component_0198,Intermediate Part,,RawMaterial_0056
,COMPONENT,Component_0199,Intermediate Part,,RawMaterial_0046
,COMPONENT,Component_0200,Intermediate Part,,RawMaterial_0055
,SUB_ASSEMBLY,SubAssembly_0001,Assembled Module,,Component_0106
,SUB_ASSEMBLY,SubAssembly_0002,Assembled Module,,Component_0120
,SUB_ASSEMBLY,SubAssembly_0003,Assembled Module,,Component_0187
,SUB_ASSEMBLY,SubAssembly_0004,Assembled Module,,Component_0014
,SUB_ASSEMBLY,SubAssembly_0005,Assembled Module,,Component_0173
,SUB_ASSEMBLY,SubAssembly_0006,Assembled Module,,Component_0168
,SUB_ASSEMBLY,SubAssembly_0007,Assembled Module,,Component_0166
,SUB_ASSEMBLY,SubAssembly_0008,Assembled Module,,Component_0026
,SUB_ASSEMBLY,SubAssembly_0009,Assembled Module,,Component_0016
,SUB_ASSEMBLY,SubAssembly_0010,Assembled Module,,Component_0104
,SUB_ASSEMBLY,SubAssembly_0011,Assembled Module,,Component_0187
,SUB_ASSEMBLY,SubAssembly_0012,Assembled Module,,Component_0087
,SUB_ASSEMBLY,SubAssembly_0013,Assembled Module,,Component_0028
,SUB_ASSEMBLY,SubAssembly_0014,Assembled Module,,Component_0064
,SUB_ASSEMBLY,SubAssembly_0015,Assembled Module,,Component_0050
,SUB_ASSEMBLY,SubAssembly_0016,Assembled Module,,Component_0049
,SUB_ASSEMBLY,SubAssembly_0017,Assembled Module,,Component_0138
,SUB_ASSEMBLY,SubAssembly_0018,Assembled Module,,Component_0115
,SUB_ASSEMBLY,SubAssembly_0019,Assembled Module,,Component_0036
,SUB_ASSEMBLY,SubAssembly_0020,Assembled Module,,Component_0109
,SUB_ASSEMBLY,SubAssembly_0021,Assembled Module,,Component_0047
,SUB_ASSEMBLY,SubAssembly_0022,Assembled Module,,Component_0072
,SUB_ASSEMBLY,SubAssembly_0023,Assembled Module,,Component_0119
,SUB_ASSEMBLY,SubAssembly_0024,Assembled Module,,Component_0064
,SUB_ASSEMBLY,SubAssembly_0025,Assembled Module,,Component_0020
,SUB_ASSEMBLY,SubAssembly_0026,Assembled Module,,Component_0114
,SUB_ASSEMBLY,SubAssembly_0027,Assembled Module,,Component_0141
,SUB_ASSEMBLY,SubAssembly_0028,Assembled Module,,Component_0026
,SUB_ASSEMBLY,SubAssembly_0029,Assembled Module,,Component_0013
,SUB_ASSEMBLY,SubAssembly_0030,Assembled Module,,Component_0167
,SUB_ASSEMBLY,SubAssembly_0031,Assembled Module,,Component_0139
,SUB_ASSEMBLY,SubAssembly_0032,Assembled Module,,Component_0004
,SUB_ASSEMBLY,SubAssembly_0033,Assembled Module,,Component_0024
,SUB_ASSEMBLY,SubAssembly_0034,Assembled Module,,Component_0193
,SUB_ASSEMBLY,SubAssembly_0035,Assembled Module,,Component_0061
,SUB_ASSEMBLY,SubAssembly_0036,Assembled Module,,Component_0043
,SUB_ASSEMBLY,SubAssembly_0037,Assembled Module,,Component_0105
,SUB_ASSEMBLY,SubAssembly_0038,Assembled Module,,Component_0125
,SUB_ASSEMBLY,SubAssembly_0039,Assembled Module,,Component_0124
,SUB_ASSEMBLY,SubAssembly_0040,Assembled Module,,Component_0055
,SUB_ASSEMBLY,SubAssembly_0041,Assembled Module,,Component_0103
,SUB_ASSEMBLY,SubAssembly_0042,Assembled Module,,Component_0016
,SUB_ASSEMBLY,SubAssembly_0043,Assembled Module,,Component_0043
,SUB_ASSEMBLY,SubAssembly_0044,Assembled Module,,Component_0098
,SUB_ASSEMBLY,SubAssembly_0045,Assembled Module,,Component_0001
,SUB_ASSEMBLY,SubAssembly_0046,Assembled Module,,Component_0100
,SUB_ASSEMBLY,SubAssembly_0047,Assembled Module,,Component_0068
,SUB_ASSEMBLY,SubAssembly_0048,Assembled Module,,Component_0117
,SUB_ASSEMBLY,SubAssembly_0049,Assembled Module,,Component_0074
,SUB_ASSEMBLY,SubAssembly_0050,Assembled Module,,Component_0109
,SUB_ASSEMBLY,SubAssembly_0051,Assembled Module,,Component_0179
,SUB_ASSEMBLY,SubAssembly_0052,Assembled Module,,Component_0188
,SUB_ASSEMBLY,SubAssembly_0053,Assembled Module,,Component_0143
,SUB_ASSEMBLY,SubAssembly_0054,Assembled Module,,Component_0170
,SUB_ASSEMBLY,SubAssembly_0055,Assembled Module,,Component_0184
,SUB_ASSEMBLY,SubAssembly_0056,Assembled Module,,Component_0125
,SUB_ASSEMBLY,SubAssembly_0057,Assembled Module,,Component_0040
,SUB_ASSEMBLY,SubAssembly_0058,Assembled Module,,Component_0049
,SUB_ASSEMBLY,SubAssembly_0059,Assembled Module,,Component_0076
,SUB_ASSEMBLY,SubAssembly_0060,Assembled Module,,Component_0056
,SUB_ASSEMBLY,SubAssembly_0061,Assembled Module,,Component_0015
,SUB_ASSEMBLY,SubAssembly_0062,Assembled Module,,Component_0149
,SUB_ASSEMBLY,SubAssembly_0063,Assembled Module,,Component_0189
,SUB_ASSEMBLY,SubAssembly_0064,Assembled Module,,Component_0139
,SUB_ASSEMBLY,SubAssembly_0065,Assembled Module,,Component_0016
,SUB_ASSEMBLY,SubAssembly_0066,Assembled Module,,Component_0192
,SUB_ASSEMBLY,SubAssembly_0067,Assembled Module,,Component_0081
,SUB_ASSEMBLY,SubAssembly_0068,Assembled Module,,Component_0015
,SUB_ASSEMBLY,SubAssembly_0069,Assembled Module,,Component_0013
,SUB_ASSEMBLY,SubAssembly_0070,Assembled Module,,Component_0150
,SUB_ASSEMBLY,SubAssembly_0071,Assembled Module,,Component_0123
,SUB_ASSEMBLY,SubAssembly_0072,Assembled Module,,Component_0129
,SUB_ASSEMBLY,SubAssembly_0073,Assembled Module,,Component_0136
,SUB_ASSEMBLY,SubAssembly_0074,Assembled Module,,Component_0041
,SUB_ASSEMBLY,SubAssembly_0075,Assembled Module,,Component_0015
,SUB_ASSEMBLY,SubAssembly_0076,Assembled Module,,Component_0131
,SUB_ASSEMBLY,SubAssembly_0077,Assembled Module,,Component_0021
,SUB_ASSEMBLY,SubAssembly_0078,Assembled Module,,Component_0048
,SUB_ASSEMBLY,SubAssembly_0079,Assembled Module,,Component_0018
,SUB_ASSEMBLY,SubAssembly_0080,Assembled Module,,Component_0153
,SUB_ASSEMBLY,SubAssembly_0081,Assembled Module,,Component_0018
,SUB_ASSEMBLY,SubAssembly_0082,Assembled Module,,Component_0173
,SUB_ASSEMBLY,SubAssembly_0083,Assembled Module,,Component_0061
,SUB_ASSEMBLY,SubAssembly_0084,Assembled Module,,Component_0104
,SUB_ASSEMBLY,SubAssembly_0085,Assembled Module,,Component_0031
,SUB_ASSEMBLY,SubAssembly_0086,Assembled Module,,Component_0146
,SUB_ASSEMBLY,SubAssembly_0087,Assembled Module,,Component_0064
,SUB_ASSEMBLY,SubAssembly_0088,Assembled Module,,Component_0149
,SUB_ASSEMBLY,SubAssembly_0089,Assembled Module,,Component_0153
,SUB_ASSEMBLY,SubAssembly_0090,Assembled Module,,Component_0011
,SUB_ASSEMBLY,SubAssembly_0091,Assembled Module,,Component_0159
,SUB_ASSEMBLY,SubAssembly_0092,Assembled Module,,Component_0021
,SUB_ASSEMBLY,SubAssembly_0093,Assembled Module,,Component_0108
,SUB_ASSEMBLY,SubAssembly_0094,Assembled Module,,Component_0169
,SUB_ASSEMBLY,SubAssembly_0095,Assembled Module,,Component_0150
,SUB_ASSEMBLY,SubAssembly_0096,Assembled Module,,Component_0145
,SUB_ASSEMBLY,SubAssembly_0097,Assembled Module,,Component_0134
,SUB_ASSEMBLY,SubAssembly_0098,Assembled Module,,Component_0081
,SUB_ASSEMBLY,SubAssembly_0099,Assembled Module,,Component_0067
,SUB_ASSEMBLY,SubAssembly_0100,Assembled Module,,Component_0053
,SUB_ASSEMBLY,SubAssembly_0101,Assembled Module,,Component_0172
,SUB_ASSEMBLY,SubAssembly_0102,Assembled Module,,Component_0184
,SUB_ASSEMBLY,SubAssembly_0103,Assembled Module,,Component_0081
,SUB_ASSEMBLY,SubAssembly_0104,Assembled Module,,Component_0062
,SUB_ASSEMBLY,SubAssembly_0105,Assembled Module,,Component_0068
,SUB_ASSEMBLY,SubAssembly_0106,Assembled Module,,Component_0102
,SUB_ASSEMBLY,SubAssembly_0107,Assembled Module,,Component_0034
,SUB_ASSEMBLY,SubAssembly_0108,Assembled Module,,Component_0172
,SUB_ASSEMBLY,SubAssembly_0109,Assembled Module,,Component_0166
,SUB_ASSEMBLY,SubAssembly_0110,Assembled Module,,Component_0077
,SUB_ASSEMBLY,SubAssembly_0111,Assembled Module,,Component_0118
,SUB_ASSEMBLY,SubAssembly_0112,Assembled Module,,Component_0081
,SUB_ASSEMBLY,SubAssembly_0113,Assembled Module,,Component_0193
,SUB_ASSEMBLY,SubAssembly_0114,Assembled Module,,Component_0019
,SUB_ASSEMBLY,SubAssembly_0115,Assembled Module,,Component_0003
,SUB_ASSEMBLY,SubAssembly_0116,Assembled Module,,Component_0118
,SUB_ASSEMBLY,SubAssembly_0117,Assembled Module,,Component_0160
,SUB_ASSEMBLY,SubAssembly_0118,Assembled Module,,Component_0145
,SUB_ASSEMBLY,SubAssembly_0119,Assembled Module,,Component_0026
,SUB_ASSEMBLY,SubAssembly_0120,Assembled Module,,Component_0019
,SUB_ASSEMBLY,SubAssembly_0121,Assembled Module,,Component_0138
,SUB_ASSEMBLY,SubAssembly_0122,Assembled Module,,Component_0055
,SUB_ASSEMBLY,SubAssembly_0123,Assembled Module,,Component_0130
,SUB_ASSEMBLY,SubAssembly_0124,Assembled Module,,Component_0068
,SUB_ASSEMBLY,SubAssembly_0125,Assembled Module,,Component_0034
,SUB_ASSEMBLY,SubAssembly_0126,Assembled Module,,Component_0090
,SUB_ASSEMBLY,SubAssembly_0127,Assembled Module,,Component_0018
,SUB_ASSEMBLY,SubAssembly_0128,Assembled Module,,Component_0063
,SUB_ASSEMBLY,SubAssembly_0129,Assembled Module,,Component_0095
,SUB_ASSEMBLY,SubAssembly_0130,Assembled Module,,Component_0073
,SUB_ASSEMBLY,SubAssembly_0131,Assembled Module,,Component_0041
,SUB_ASSEMBLY,SubAssembly_0132,Assembled Module,,Component_0113
,SUB_ASSEMBLY,SubAssembly_0133,Assembled Module,,Component_0140
,SUB_ASSEMBLY,SubAssembly_0134,Assembled Module,,Component_0181
,SUB_ASSEMBLY,SubAssembly_0135,Assembled Module,,Component_0078
,SUB_ASSEMBLY,SubAssembly_0136,Assembled Module,,Component_0157
,SUB_ASSEMBLY,SubAssembly_0137,Assembled Module,,Component_0168
,SUB_ASSEMBLY,SubAssembly_0138,Assembled Module,,Component_0136
,SUB_ASSEMBLY,SubAssembly_0139,Assembled Module,,Component_0003
,SUB_ASSEMBLY,SubAssembly_0140,Assembled Module,,Component_0171
,SUB_ASSEMBLY,SubAssembly_0141,Assembled Module,,Component_0142
,SUB_ASSEMBLY,SubAssembly_0142,Assembled Module,,Component_0077
,SUB_ASSEMBLY,SubAssembly_0143,Assembled Module,,Component_0170
,SUB_ASSEMBLY,SubAssembly_0144,Assembled Module,,Component_0027
,SUB_ASSEMBLY,SubAssembly_0145,Assembled Module,,Component_0035
,SUB_ASSEMBLY,SubAssembly_0146,Assembled Module,,Component_0068
,SUB_ASSEMBLY,SubAssembly_0147,Assembled Module,,Component_0030
,SUB_ASSEMBLY,SubAssembly_0148,Assembled Module,,Component_0028
,SUB_ASSEMBLY,SubAssembly_0149,Assembled Module,,Component_0191
,SUB_ASSEMBLY,SubAssembly_0150,Assembled Module,,Component_0142
,SUB_ASSEMBLY,SubAssembly_0151,Assembled Module,,Component_0040
,SUB_ASSEMBLY,SubAssembly_0152,Assembled Module,,Component_0070
,SUB_ASSEMBLY,SubAssembly_0153,Assembled Module,,Component_0073
,SUB_ASSEMBLY,SubAssembly_0154,Assembled Module,,Component_0155
,SUB_ASSEMBLY,SubAssembly_0155,Assembled Module,,Component_0054
,SUB_ASSEMBLY,SubAssembly_0156,Assembled Module,,Component_0184
,SUB_ASSEMBLY,SubAssembly_0157,Assembled Module,,Component_0088
,SUB_ASSEMBLY,SubAssembly_0158,Assembled Module,,Component_0053
,SUB_ASSEMBLY,SubAssembly_0159,Assembled Module,,Component_0176
,SUB_ASSEMBLY,SubAssembly_0160,Assembled Module,,Component_0163
,SUB_ASSEMBLY,SubAssembly_0161,Assembled Module,,Component_0068
,SUB_ASSEMBLY,SubAssembly_0162,Assembled Module,,Component_0130
,SUB_ASSEMBLY,SubAssembly_0163,Assembled Module,,Component_0126
,SUB_ASSEMBLY,SubAssembly_0164,Assembled Module,,Component_0065
,SUB_ASSEMBLY,SubAssembly_0165,Assembled Module,,Component_0014
,SUB_ASSEMBLY,SubAssembly_0166,Assembled Module,,Component_0024
,SUB_ASSEMBLY,SubAssembly_0167,Assembled Module,,Component_0163
,SUB_ASSEMBLY,SubAssembly_0168,Assembled Module,,Component_0109
,SUB_ASSEMBLY,SubAssembly_0169,Assembled Module,,Component_0071
,SUB_ASSEMBLY,SubAssembly_0170,Assembled Module,,Component_0012
,SUB_ASSEMBLY,SubAssembly_0171,Assembled Module,,Component_0001
,SUB_ASSEMBLY,SubAssembly_0172,Assembled Module,,Component_0086
,SUB_ASSEMBLY,SubAssembly_0173,Assembled Module,,Component_0198
,SUB_ASSEMBLY,SubAssembly_0174,Assembled Module,,Component_0034
,SUB_ASSEMBLY,SubAssembly_0175,Assembled Module,,Component_0164
,SUB_ASSEMBLY,SubAssembly_0176,Assembled Module,,Component_0068
,SUB_ASSEMBLY,SubAssembly_0177,Assembled Module,,Component_0042
,SUB_ASSEMBLY,SubAssembly_0178,Assembled Module,,Component_0190
,SUB_ASSEMBLY,SubAssembly_0179,Assembled Module,,Component_0114
,SUB_ASSEMBLY,SubAssembly_0180,Assembled Module,,Component_0142
,SUB_ASSEMBLY,SubAssembly_0181,Assembled Module,,Component_0181
,SUB_ASSEMBLY,SubAssembly_0182,Assembled Module,,Component_0110
,SUB_ASSEMBLY,SubAssembly_0183,Assembled Module,,Component_0144
,SUB_ASSEMBLY,SubAssembly_0184,Assembled Module,,Component_0003
,SUB_ASSEMBLY,SubAssembly_0185,Assembled Module,,Component_0029
,SUB_ASSEMBLY,SubAssembly_0186,Assembled Module,,Component_0020
,SUB_ASSEMBLY,SubAssembly_0187,Assembled Module,,Component_0177
,SUB_ASSEMBLY,SubAssembly_0188,Assembled Module,,Component_0039
,SUB_ASSEMBLY,SubAssembly_0189,Assembled Module,,Component_0140
,SUB_ASSEMBLY,SubAssembly_0190,Assembled Module,,Component_0010
,SUB_ASSEMBLY,SubAssembly_0191,Assembled Module,,Component_0095
,SUB_ASSEMBLY,SubAssembly_0192,Assembled Module,,Component_0150
,SUB_ASSEMBLY,SubAssembly_0193,Assembled Module,,Component_0142
,SUB_ASSEMBLY,SubAssembly_0194,Assembled Module,,Component_0038
,SUB_ASSEMBLY,SubAssembly_0195,Assembled Module,,Component_0111
,SUB_ASSEMBLY,SubAssembly_0196,Assembled Module,,Component_0033
,SUB_ASSEMBLY,SubAssembly_0197,Assembled Module,,Component_0011
,SUB_ASSEMBLY,SubAssembly_0198,Assembled Module,,Component_0079
,SUB_ASSEMBLY,SubAssembly_0199,Assembled Module,,Component_0094
,SUB_ASSEMBLY,SubAssembly_0200,Assembled Module,,Component_0011
,SUB_ASSEMBLY,SubAssembly_0201,Assembled Module,,Component_0092
,SUB_ASSEMBLY,SubAssembly_0202,Assembled Module,,Component_0054
,SUB_ASSEMBLY,SubAssembly_0203,Assembled Module,,Component_0175
,SUB_ASSEMBLY,SubAssembly_0204,Assembled Module,,Component_0064
,SUB_ASSEMBLY,SubAssembly_0205,Assembled Module,,Component_0171
,SUB_ASSEMBLY,SubAssembly_0206,Assembled Module,,Component_0027
,SUB_ASSEMBLY,SubAssembly_0207,Assembled Module,,Component_0091
,SUB_ASSEMBLY,SubAssembly_0208,Assembled Module,,Component_0200
,SUB_ASSEMBLY,SubAssembly_0209,Assembled Module,,Component_0144
,SUB_ASSEMBLY,SubAssembly_0210,Assembled Module,,Component_0105
,SUB_ASSEMBLY,SubAssembly_0211,Assembled Module,,Component_0159
,SUB_ASSEMBLY,SubAssembly_0212,Assembled Module,,Component_0192
,SUB_ASSEMBLY,SubAssembly_0213,Assembled Module,,Component_0040
,SUB_ASSEMBLY,SubAssembly_0214,Assembled Module,,Component_0061
,SUB_ASSEMBLY,SubAssembly_0215,Assembled Module,,Component_0042
,SUB_ASSEMBLY,SubAssembly_0216,Assembled Module,,Component_0046
,SUB_ASSEMBLY,SubAssembly_0217,Assembled Module,,Component_0106
,SUB_ASSEMBLY,SubAssembly_0218,Assembled Module,,Component_0007
,SUB_ASSEMBLY,SubAssembly_0219,Assembled Module,,Component_0046
,SUB_ASSEMBLY,SubAssembly_0220,Assembled Module,,Component_0189
,SUB_ASSEMBLY,SubAssembly_0221,Assembled Module,,Component_0086
,SUB_ASSEMBLY,SubAssembly_0222,Assembled Module,,Component_0106
,SUB_ASSEMBLY,SubAssembly_0223,Assembled Module,,Component_0172
,SUB_ASSEMBLY,SubAssembly_0224,Assembled Module,,Component_0189
,SUB_ASSEMBLY,SubAssembly_0225,Assembled Module,,Component_0064
,SUB_ASSEMBLY,SubAssembly_0226,Assembled Module,,Component_0069
,SUB_ASSEMBLY,SubAssembly_0227,Assembled Module,,Component_0041
,SUB_ASSEMBLY,SubAssembly_0228,Assembled Module,,Component_0180
,SUB_ASSEMBLY,SubAssembly_0229,Assembled Module,,Component_0028
,SUB_ASSEMBLY,SubAssembly_0230,Assembled Module,,Component_0098
,SUB_ASSEMBLY,SubAssembly_0231,Assembled Module,,Component_0010
,SUB_ASSEMBLY,SubAssembly_0232,Assembled Module,,Component_0121
,SUB_ASSEMBLY,SubAssembly_0233,Assembled Module,,Component_0057
,SUB_ASSEMBLY,SubAssembly_0234,Assembled Module,,Component_0052
,SUB_ASSEMBLY,SubAssembly_0235,Assembled Module,,Component_0118
,SUB_ASSEMBLY,SubAssembly_0236,Assembled Module,,Component_0090
,SUB_ASSEMBLY,SubAssembly_0237,Assembled Module,,Component_0079
,SUB_ASSEMBLY,SubAssembly_0238,Assembled Module,,Component_0059
,SUB_ASSEMBLY,SubAssembly_0239,Assembled Module,,Component_0058
,SUB_ASSEMBLY,SubAssembly_0240,Assembled Module,,Component_0007
,SUB_ASSEMBLY,SubAssembly_0241,Assembled Module,,Component_0169
,SUB_ASSEMBLY,SubAssembly_0242,Assembled Module,,Component_0050
,SUB_ASSEMBLY,SubAssembly_0243,Assembled Module,,Component_0103
,SUB_ASSEMBLY,SubAssembly_0244,Assembled Module,,Component_0085
,SUB_ASSEMBLY,SubAssembly_0245,Assembled Module,,Component_0072
,SUB_ASSEMBLY,SubAssembly_0246,Assembled Module,,Component_0018
,SUB_ASSEMBLY,SubAssembly_0247,Assembled Module,,Component_0198
,SUB_ASSEMBLY,SubAssembly_0248,Assembled Module,,Component_0072
,SUB_ASSEMBLY,SubAssembly_0249,Assembled Module,,Component_0090
,SUB_ASSEMBLY,SubAssembly_0250,Assembled Module,,Component_0165
,SUB_ASSEMBLY,SubAssembly_0251,Assembled Module,,Component_0131
,SUB_ASSEMBLY,SubAssembly_0252,Assembled Module,,Component_0103
,SUB_ASSEMBLY,SubAssembly_0253,Assembled Module,,Component_0174
,SUB_ASSEMBLY,SubAssembly_0254,Assembled Module,,Component_0138
,SUB_ASSEMBLY,SubAssembly_0255,Assembled Module,,Component_0085
,SUB_ASSEMBLY,SubAssembly_0256,Assembled Module,,Component_0008
,SUB_ASSEMBLY,SubAssembly_0257,Assembled Module,,Component_0030
,SUB_ASSEMBLY,SubAssembly_0258,Assembled Module,,Component_0067
,SUB_ASSEMBLY,SubAssembly_0259,Assembled Module,,Component_0046
,SUB_ASSEMBLY,SubAssembly_0260,Assembled Module,,Component_0149
,SUB_ASSEMBLY,SubAssembly_0261,Assembled Module,,Component_0068
,SUB_ASSEMBLY,SubAssembly_0262,Assembled Module,,Component_0010
,SUB_ASSEMBLY,SubAssembly_0263,Assembled Module,,Component_0028
,SUB_ASSEMBLY,SubAssembly_0264,Assembled Module,,Component_0153
,SUB_ASSEMBLY,SubAssembly_0265,Assembled Module,,Component_0112
,SUB_ASSEMBLY,SubAssembly_0266,Assembled Module,,Component_0089
,SUB_ASSEMBLY,SubAssembly_0267,Assembled Module,,Component_0187
,SUB_ASSEMBLY,SubAssembly_0268,Assembled Module,,Component_0081
,SUB_ASSEMBLY,SubAssembly_0269,Assembled Module,,Component_0112
,SUB_ASSEMBLY,SubAssembly_0270,Assembled Module,,Component_0156
,SUB_ASSEMBLY,SubAssembly_0271,Assembled Module,,Component_0131
,SUB_ASSEMBLY,SubAssembly_0272,Assembled Module,,Component_0030
,SUB_ASSEMBLY,SubAssembly_0273,Assembled Module,,Component_0099
,SUB_ASSEMBLY,SubAssembly_0274,Assembled Module,,Component_0148
,SUB_ASSEMBLY,SubAssembly_0275,Assembled Module,,Component_0049
,SUB_ASSEMBLY,SubAssembly_0276,Assembled Module,,Component_0066
,SUB_ASSEMBLY,SubAssembly_0277,Assembled Module,,Component_0012
,SUB_ASSEMBLY,SubAssembly_0278,Assembled Module,,Component_0182
,SUB_ASSEMBLY,SubAssembly_0279,Assembled Module,,Component_0112
,SUB_ASSEMBLY,SubAssembly_0280,Assembled Module,,Component_0001
,SUB_ASSEMBLY,SubAssembly_0281,Assembled Module,,Component_0134
,SUB_ASSEMBLY,SubAssembly_0282,Assembled Module,,Component_0138
,SUB_ASSEMBLY,SubAssembly_0283,Assembled Module,,Component_0176
,SUB_ASSEMBLY,SubAssembly_0284,Assembled Module,,Component_0185
,SUB_ASSEMBLY,SubAssembly_0285,Assembled Module,,Component_0190
,SUB_ASSEMBLY,SubAssembly_0286,Assembled Module,,Component_0189
,SUB_ASSEMBLY,SubAssembly_0287,Assembled Module,,Component_0172
,SUB_ASSEMBLY,SubAssembly_0288,Assembled Module,,Component_0051
,SUB_ASSEMBLY,SubAssembly_0289,Assembled Module,,Component_0094
,SUB_ASSEMBLY,SubAssembly_0290,Assembled Module,,Component_0111
,SUB_ASSEMBLY,SubAssembly_0291,Assembled Module,,Component_0018
,SUB_ASSEMBLY,SubAssembly_0292,Assembled Module,,Component_0171
,SUB_ASSEMBLY,SubAssembly_0293,Assembled Module,,Component_0085
,SUB_ASSEMBLY,SubAssembly_0294,Assembled Module,,Component_0160
,SUB_ASSEMBLY,SubAssembly_0295,Assembled Module,,Component_0081
,SUB_ASSEMBLY,SubAssembly_0296,Assembled Module,,Component_0170
,SUB_ASSEMBLY,SubAssembly_0297,Assembled Module,,Component_0032
,SUB_ASSEMBLY,SubAssembly_0298,Assembled Module,,Component_0185
,SUB_ASSEMBLY,SubAssembly_0299,Assembled Module,,Component_0077
,SUB_ASSEMBLY,SubAssembly_0300,Assembled Module,,Component_0130
,PRODUCT,Product_0001,Finished Goods,,SubAssembly_0159
,PRODUCT,Product_0002,Finished Goods,,SubAssembly_0210
,PRODUCT,Product_0003,Finished Goods,,SubAssembly_0168
,PRODUCT,Product_0004,Finished Goods,,SubAssembly_0207
,PRODUCT,Product_0005,Finished Goods,,SubAssembly_0152
,PRODUCT,Product_0006,Finished Goods,,SubAssembly_0284
,PRODUCT,Product_0007,Finished Goods,,SubAssembly_0066
,PRODUCT,Product_0008,Finished Goods,,SubAssembly_0099
,PRODUCT,Product_0009,Finished Goods,,SubAssembly_0216
,PRODUCT,Product_0010,Finished Goods,,SubAssembly_0195
,PRODUCT,Product_0011,Finished Goods,,SubAssembly_0090
,PRODUCT,Product_0012,Finished Goods,,SubAssembly_0292
,PRODUCT,Product_0013,Finished Goods,,SubAssembly_0155
,PRODUCT,Product_0014,Finished Goods,,SubAssembly_0208
,PRODUCT,Product_0015,Finished Goods,,SubAssembly_0281
,PRODUCT,Product_0016,Finished Goods,,SubAssembly_0001
,PRODUCT,Product_0017,Finished Goods,,SubAssembly_0156
,PRODUCT,Product_0018,Finished Goods,,SubAssembly_0147
,PRODUCT,Product_0019,Finished Goods,,SubAssembly_0108
,PRODUCT,Product_0020,Finished Goods,,SubAssembly_0221
,PRODUCT,Product_0021,Finished Goods,,SubAssembly_0297
,PRODUCT,Product_0022,Finished Goods,,SubAssembly_0165
,PRODUCT,Product_0023,Finished Goods,,SubAssembly_0239
,PRODUCT,Product_0024,Finished Goods,,SubAssembly_0227
,PRODUCT,Product_0025,Finished Goods,,SubAssembly_0227
,PRODUCT,Product_0026,Finished Goods,,SubAssembly_0110
,PRODUCT,Product_0027,Finished Goods,,SubAssembly_0262
,PRODUCT,Product_0028,Finished Goods,,SubAssembly_0243
,PRODUCT,Product_0029,Finished Goods,,SubAssembly_0087
,PRODUCT,Product_0030,Finished Goods,,SubAssembly_0044
,PRODUCT,Product_0031,Finished Goods,,SubAssembly_0146
,PRODUCT,Product_0032,Finished Goods,,SubAssembly_0264
,PRODUCT,Product_0033,Finished Goods,,SubAssembly_0172
,PRODUCT,Product_0034,Finished Goods,,SubAssembly_0048
,PRODUCT,Product_0035,Finished Goods,,SubAssembly_0121
,PRODUCT,Product_0036,Finished Goods,,SubAssembly_0159
,PRODUCT,Product_0037,Finished Goods,,SubAssembly_0116
,PRODUCT,Product_0038,Finished Goods,,SubAssembly_0102
,PRODUCT,Product_0039,Finished Goods,,SubAssembly_0076
,PRODUCT,Product_0040,Finished Goods,,SubAssembly_0013
,PRODUCT,Product_0041,Finished Goods,,SubAssembly_0024
,PRODUCT,Product_0042,Finished Goods,,SubAssembly_0126
,PRODUCT,Product_0043,Finished Goods,,SubAssembly_0244
,PRODUCT,Product_0044,Finished Goods,,SubAssembly_0038
,PRODUCT,Product_0045,Finished Goods,,SubAssembly_0234
,PRODUCT,Product_0046,Finished Goods,,SubAssembly_0213
,PRODUCT,Product_0047,Finished Goods,,SubAssembly_0295
,PRODUCT,Product_0048,Finished Goods,,SubAssembly_0100
,PRODUCT,Product_0049,Finished Goods,,SubAssembly_0197
,PRODUCT,Product_0050,Finished Goods,,SubAssembly_0254
,PRODUCT,Product_0051,Finished Goods,,SubAssembly_0205
,PRODUCT,Product_0052,Finished Goods,,SubAssembly_0125
,PRODUCT,Product_0053,Finished Goods,,SubAssembly_0076
,PRODUCT,Product_0054,Finished Goods,,SubAssembly_0003
,PRODUCT,Product_0055,Finished Goods,,SubAssembly_0055
,PRODUCT,Product_0056,Finished Goods,,SubAssembly_0218
,PRODUCT,Product_0057,Finished Goods,,SubAssembly_0113
,PRODUCT,Product_0058,Finished Goods,,SubAssembly_0091
,PRODUCT,Product_0059,Finished Goods,,SubAssembly_0266
,PRODUCT,Product_0060,Finished Goods,,SubAssembly_0238
,PRODUCT,Product_0061,Finished Goods,,SubAssembly_0026
,PRODUCT,Product_0062,Finished Goods,,SubAssembly_0286
,PRODUCT,Product_0063,Finished Goods,,SubAssembly_0128
,PRODUCT,Product_0064,Finished Goods,,SubAssembly_0063
,PRODUCT,Product_0065,Finished Goods,,SubAssembly_0234
,PRODUCT,Product_0066,Finished Goods,,SubAssembly_0069
,PRODUCT,Product_0067,Finished Goods,,SubAssembly_0238
,PRODUCT,Product_0068,Finished Goods,,SubAssembly_0272
,PRODUCT,Product_0069,Finished Goods,,SubAssembly_0287
,PRODUCT,Product_0070,Finished Goods,,SubAssembly_0163
,PRODUCT,Product_0071,Finished Goods,,SubAssembly_0227
,PRODUCT,Product_0072,Finished Goods,,SubAssembly_0259
,PRODUCT,Product_0073,Finished Goods,,SubAssembly_0219
,PRODUCT,Product_0074,Finished Goods,,SubAssembly_0281
,PRODUCT,Product_0075,Finished Goods,,SubAssembly_0229
,PRODUCT,Product_0076,Finished Goods,,SubAssembly_0082
,PRODUCT,Product_0077,Finished Goods,,SubAssembly_0244
,PRODUCT,Product_0078,Finished Goods,,SubAssembly_0231
,PRODUCT,Product_0079,Finished Goods,,SubAssembly_0133
,PRODUCT,Product_0080,Finished Goods,,SubAssembly_0127
,PRODUCT,Product_0081,Finished Goods,,SubAssembly_0142
,PRODUCT,Product_0082,Finished Goods,,SubAssembly_0267
,PRODUCT,Product_0083,Finished Goods,,SubAssembly_0249
,PRODUCT,Product_0084,Finished Goods,,SubAssembly_0123
,PRODUCT,Product_0085,Finished Goods,,SubAssembly_0141
,PRODUCT,Product_0086,Finished Goods,,SubAssembly_0226
,PRODUCT,Product_0087,Finished Goods,,SubAssembly_0040
,PRODUCT,Product_0088,Finished Goods,,SubAssembly_0147
,PRODUCT,Product_0089,Finished Goods,,SubAssembly_0121
,PRODUCT,Product_0090,Finished Goods,,SubAssembly_0140
,PRODUCT,Product_0091,Finished Goods,,SubAssembly_0172
,PRODUCT,Product_0092,Finished Goods,,SubAssembly_0164
,PRODUCT,Product_0093,Finished Goods,,SubAssembly_0277
,PRODUCT,Product_0094,Finished Goods,,SubAssembly_0042
,PRODUCT,Product_0095,Finished Goods,,SubAssembly_0071
,PRODUCT,Product_0096,Finished Goods,,SubAssembly_0078
,PRODUCT,Product_0097,Finished Goods,,SubAssembly_0119
,PRODUCT,Product_0098,Finished Goods,,SubAssembly_0197
,PRODUCT,Product_0099,Finished Goods,,SubAssembly_0079
,PRODUCT,Product_0100,Finished Goods,,SubAssembly_0110
,PRODUCT,Product_0101,Finished Goods,,SubAssembly_0033
,PRODUCT,Product_0102,Finished Goods,,SubAssembly_0213
,PRODUCT,Product_0103,Finished Goods,,SubAssembly_0209
,PRODUCT,Product_0104,Finished Goods,,SubAssembly_0170
,PRODUCT,Product_0105,Finished Goods,,SubAssembly_0278
,PRODUCT,Product_0106,Finished Goods,,SubAssembly_0239
,PRODUCT,Product_0107,Finished Goods,,SubAssembly_0213
,PRODUCT,Product_0108,Finished Goods,,SubAssembly_0032
,PRODUCT,Product_0109,Finished Goods,,SubAssembly_0106
,PRODUCT,Product_0110,Finished Goods,,SubAssembly_0216
,PRODUCT,Product_0111,Finished Goods,,SubAssembly_0200
,PRODUCT,Product_0112,Finished Goods,,SubAssembly_0300
,PRODUCT,Product_0113,Finished Goods,,SubAssembly_0011
,PRODUCT,Product_0114,Finished Goods,,SubAssembly_0295
,PRODUCT,Product_0115,Finished Goods,,SubAssembly_0195
,PRODUCT,Product_0116,Finished Goods,,SubAssembly_0245
,PRODUCT,Product_0117,Finished Goods,,SubAssembly_0004
,PRODUCT,Product_0118,Finished Goods,,SubAssembly_0181
,PRODUCT,Product_0119,Finished Goods,,SubAssembly_0153
,PRODUCT,Product_0120,Finished Goods,,SubAssembly_0200
,PRODUCT,Product_0121,Finished Goods,,SubAssembly_0215
,PRODUCT,Product_0122,Finished Goods,,SubAssembly_0276
,PRODUCT,Product_0123,Finished Goods,,SubAssembly_0280
,PRODUCT,Product_0124,Finished Goods,,SubAssembly_0113
,PRODUCT,Product_0125,Finished Goods,,SubAssembly_0250
,PRODUCT,Product_0126,Finished Goods,,SubAssembly_0113
,PRODUCT,Product_0127,Finished Goods,,SubAssembly_0140
,PRODUCT,Product_0128,Finished Goods,,SubAssembly_0224
,PRODUCT,Product_0129,Finished Goods,,SubAssembly_0249
,PRODUCT,Product_0130,Finished Goods,,SubAssembly_0015
,PRODUCT,Product_0131,Finished Goods,,SubAssembly_0200
,PRODUCT,Product_0132,Finished Goods,,SubAssembly_0173
,PRODUCT,Product_0133,Finished Goods,,SubAssembly_0208
,PRODUCT,Product_0134,Finished Goods,,SubAssembly_0085
,PRODUCT,Product_0135,Finished Goods,,SubAssembly_0240
,PRODUCT,Product_0136,Finished Goods,,SubAssembly_0066
,PRODUCT,Product_0137,Finished Goods,,SubAssembly_0274
,PRODUCT,Product_0138,Finished Goods,,SubAssembly_0014
,PRODUCT,Product_0139,Finished Goods,,SubAssembly_0202
,PRODUCT,Product_0140,Finished Goods,,SubAssembly_0289
,PRODUCT,Product_0141,Finished Goods,,SubAssembly_0014
,PRODUCT,Product_0142,Finished Goods,,SubAssembly_0043
,PRODUCT,Product_0143,Finished Goods,,SubAssembly_0220
,PRODUCT,Product_0144,Finished Goods,,SubAssembly_0070
,PRODUCT,Product_0145,Finished Goods,,SubAssembly_0237
,PRODUCT,Product_0146,Finished Goods,,SubAssembly_0094
,PRODUCT,Product_0147,Finished Goods,,SubAssembly_0026
,PRODUCT,Product_0148,Finished Goods,,SubAssembly_0134
,PRODUCT,Product_0149,Finished Goods,,SubAssembly_0195
,PRODUCT,Product_0150,Finished Goods,,SubAssembly_0168
,PRODUCT,Product_0151,Finished Goods,,SubAssembly_0109
,PRODUCT,Product_0152,Finished Goods,,SubAssembly_0233
,PRODUCT,Product_0153,Finished Goods,,SubAssembly_0168
,PRODUCT,Product_0154,Finished Goods,,SubAssembly_0173
,PRODUCT,Product_0155,Finished Goods,,SubAssembly_0195
,PRODUCT,Product_0156,Finished Goods,,SubAssembly_0143
,PRODUCT,Product_0157,Finished Goods,,SubAssembly_0216
,PRODUCT,Product_0158,Finished Goods,,SubAssembly_0130
,PRODUCT,Product_0159,Finished Goods,,SubAssembly_0042
,PRODUCT,Product_0160,Finished Goods,,SubAssembly_0241
,PRODUCT,Product_0161,Finished Goods,,SubAssembly_0010
,PRODUCT,Product_0162,Finished Goods,,SubAssembly_0277
,PRODUCT,Product_0163,Finished Goods,,SubAssembly_0027
,PRODUCT,Product_0164,Finished Goods,,SubAssembly_0180
,PRODUCT,Product_0165,Finished Goods,,SubAssembly_0115
,PRODUCT,Product_0166,Finished Goods,,SubAssembly_0036
,PRODUCT,Product_0167,Finished Goods,,SubAssembly_0021
,PRODUCT,Product_0168,Finished Goods,,SubAssembly_0016
,PRODUCT,Product_0169,Finished Goods,,SubAssembly_0127
,PRODUCT,Product_0170,Finished Goods,,SubAssembly_0103
,PRODUCT,Product_0171,Finished Goods,,SubAssembly_0011
,PRODUCT,Product_0172,Finished Goods,,SubAssembly_0079
,PRODUCT,Product_0173,Finished Goods,,SubAssembly_0123
,PRODUCT,Product_0174,Finished Goods,,SubAssembly_0065
,PRODUCT,Product_0175,Finished Goods,,SubAssembly_0243
,PRODUCT,Product_0176,Finished Goods,,SubAssembly_0059
,PRODUCT,Product_0177,Finished Goods,,SubAssembly_0289
,PRODUCT,Product_0178,Finished Goods,,SubAssembly_0112
,PRODUCT,Product_0179,Finished Goods,,SubAssembly_0239
,PRODUCT,Product_0180,Finished Goods,,SubAssembly_0132
,PRODUCT,Product_0181,Finished Goods,,SubAssembly_0189
,PRODUCT,Product_0182,Finished Goods,,SubAssembly_0086
,PRODUCT,Product_0183,Finished Goods,,SubAssembly_0059
,PRODUCT,Product_0184,Finished Goods,,SubAssembly_0084
,PRODUCT,Product_0185,Finished Goods,,SubAssembly_0160
,PRODUCT,Product_0186,Finished Goods,,SubAssembly_0056
,PRODUCT,Product_0187,Finished Goods,,SubAssembly_0297
,PRODUCT,Product_0188,Finished Goods,,SubAssembly_0014
,PRODUCT,Product_0189,Finished Goods,,SubAssembly_0160
,PRODUCT,Product_0190,Finished Goods,,SubAssembly_0295
,PRODUCT,Product_0191,Finished Goods,,SubAssembly_0193
,PRODUCT,Product_0192,Finished Goods,,SubAssembly_0204
,PRODUCT,Product_0193,Finished Goods,,SubAssembly_0102
,PRODUCT,Product_0194,Finished Goods,,SubAssembly_0039
,PRODUCT,Product_0195,Finished Goods,,SubAssembly_0125
,PRODUCT,Product_0196,Finished Goods,,SubAssembly_0053
,PRODUCT,Product_0197,Finished Goods,,SubAssembly_0155
,PRODUCT,Product_0198,Finished Goods,,SubAssembly_0062
,PRODUCT,Product_0199,Finished Goods,,SubAssembly_0290
,PRODUCT,Product_0200,Finished Goods,,SubAssembly_0022
,PRODUCT,Product_0201,Finished Goods,,SubAssembly_0178
,PRODUCT,Product_0202,Finished Goods,,SubAssembly_0273
,PRODUCT,Product_0203,Finished Goods,,SubAssembly_0220
,PRODUCT,Product_0204,Finished Goods,,SubAssembly_0190
,PRODUCT,Product_0205,Finished Goods,,SubAssembly_0036
,PRODUCT,Product_0206,Finished Goods,,SubAssembly_0260
,PRODUCT,Product_0207,Finished Goods,,SubAssembly_0175
,PRODUCT,Product_0208,Finished Goods,,SubAssembly_0007
,PRODUCT,Product_0209,Finished Goods,,SubAssembly_0216
,PRODUCT,Product_0210,Finished Goods,,SubAssembly_0251
,PRODUCT,Product_0211,Finished Goods,,SubAssembly_0055
,PRODUCT,Product_0212,Finished Goods,,SubAssembly_0222
,PRODUCT,Product_0213,Finished Goods,,SubAssembly_0186
,PRODUCT,Product_0214,Finished Goods,,SubAssembly_0236
,PRODUCT,Product_0215,Finished Goods,,SubAssembly_0079
,PRODUCT,Product_0216,Finished Goods,,SubAssembly_0223
,PRODUCT,Product_0217,Finished Goods,,SubAssembly_0091
,PRODUCT,Product_0218,Finished Goods,,SubAssembly_0268
,PRODUCT,Product_0219,Finished Goods,,SubAssembly_0139
,PRODUCT,Product_0220,Finished Goods,,SubAssembly_0276
,PRODUCT,Product_0221,Finished Goods,,SubAssembly_0248
,PRODUCT,Product_0222,Finished Goods,,SubAssembly_0239
,PRODUCT,Product_0223,Finished Goods,,SubAssembly_0224
,PRODUCT,Product_0224,Finished Goods,,SubAssembly_0138
,PRODUCT,Product_0225,Finished Goods,,SubAssembly_0166
,PRODUCT,Product_0226,Finished Goods,,SubAssembly_0126
,PRODUCT,Product_0227,Finished Goods,,SubAssembly_0045
,PRODUCT,Product_0228,Finished Goods,,SubAssembly_0143
,PRODUCT,Product_0229,Finished Goods,,SubAssembly_0231
,PRODUCT,Product_0230,Finished Goods,,SubAssembly_0125
,PRODUCT,Product_0231,Finished Goods,,SubAssembly_0238
,PRODUCT,Product_0232,Finished Goods,,SubAssembly_0292
,PRODUCT,Product_0233,Finished Goods,,SubAssembly_0195
,PRODUCT,Product_0234,Finished Goods,,SubAssembly_0173
,PRODUCT,Product_0235,Finished Goods,,SubAssembly_0015
,PRODUCT,Product_0236,Finished Goods,,SubAssembly_0254
,PRODUCT,Product_0237,Finished Goods,,SubAssembly_0167
,PRODUCT,Product_0238,Finished Goods,,SubAssembly_0094
,PRODUCT,Product_0239,Finished Goods,,SubAssembly_0250
,PRODUCT,Product_0240,Finished Goods,,SubAssembly_0109
,PRODUCT,Product_0241,Finished Goods,,SubAssembly_0182
,PRODUCT,Product_0242,Finished Goods,,SubAssembly_0133
,PRODUCT,Product_0243,Finished Goods,,SubAssembly_0175
,PRODUCT,Product_0244,Finished Goods,,SubAssembly_0144
,PRODUCT,Product_0245,Finished Goods,,SubAssembly_0142
,PRODUCT,Product_0246,Finished Goods,,SubAssembly_0285
,PRODUCT,Product_0247,Finished Goods,,SubAssembly_0006
,PRODUCT,Product_0248,Finished Goods,,SubAssembly_0265
,PRODUCT,Product_0249,Finished Goods,,SubAssembly_0098
,PRODUCT,Product_0250,Finished Goods,,SubAssembly_0044
,PRODUCT,Product_0251,Finished Goods,,SubAssembly_0124
,PRODUCT,Product_0252,Finished Goods,,SubAssembly_0209
,PRODUCT,Product_0253,Finished Goods,,SubAssembly_0251
,PRODUCT,Product_0254,Finished Goods,,SubAssembly_0285
,PRODUCT,Product_0255,Finished Goods,,SubAssembly_0124
,PRODUCT,Product_0256,Finished Goods,,SubAssembly_0244
,PRODUCT,Product_0257,Finished Goods,,SubAssembly_0252
,PRODUCT,Product_0258,Finished Goods,,SubAssembly_0230
,PRODUCT,Product_0259,Finished Goods,,SubAssembly_0009
,PRODUCT,Product_0260,Finished Goods,,SubAssembly_0048
,PRODUCT,Product_0261,Finished Goods,,SubAssembly_0151
,PRODUCT,Product_0262,Finished Goods,,SubAssembly_0114
,PRODUCT,Product_0263,Finished Goods,,SubAssembly_0208
,PRODUCT,Product_0264,Finished Goods,,SubAssembly_0125
,PRODUCT,Product_0265,Finished Goods,,SubAssembly_0157
,PRODUCT,Product_0266,Finished Goods,,SubAssembly_0298
,PRODUCT,Product_0267,Finished Goods,,SubAssembly_0189
,PRODUCT,Product_0268,Finished Goods,,SubAssembly_0243
,PRODUCT,Product_0269,Finished Goods,,SubAssembly_0284
,PRODUCT,Product_0270,Finished Goods,,SubAssembly_0272
,PRODUCT,Product_0271,Finished Goods,,SubAssembly_0177
,PRODUCT,Product_0272,Finished Goods,,SubAssembly_0218
,PRODUCT,Product_0273,Finished Goods,,SubAssembly_0282
,PRODUCT,Product_0274,Finished Goods,,SubAssembly_0170
,PRODUCT,Product_0275,Finished Goods,,SubAssembly_0181
,PRODUCT,Product_0276,Finished Goods,,SubAssembly_0233
,PRODUCT,Product_0277,Finished Goods,,SubAssembly_0139
,PRODUCT,Product_0278,Finished Goods,,SubAssembly_0157
,PRODUCT,Product_0279,Finished Goods,,SubAssembly_0129
,PRODUCT,Product_0280,Finished Goods,,SubAssembly_0119
,PRODUCT,Product_0281,Finished Goods,,SubAssembly_0062
,PRODUCT,Product_0282,Finished Goods,,SubAssembly_0099
,PRODUCT,Product_0283,Finished Goods,,SubAssembly_0162
,PRODUCT,Product_0284,Finished Goods,,SubAssembly_0062
,PRODUCT,Product_0285,Finished Goods,,SubAssembly_0275
,PRODUCT,Product_0286,Finished Goods,,SubAssembly_0095
,PRODUCT,Product_0287,Finished Goods,,SubAssembly_0099
,PRODUCT,Product_0288,Finished Goods,,SubAssembly_0111
,PRODUCT,Product_0289,Finished Goods,,SubAssembly_0248
,PRODUCT,Product_0290,Finished Goods,,SubAssembly_0142
,PRODUCT,Product_0291,Finished Goods,,SubAssembly_0269
,PRODUCT,Product_0292,Finished Goods,,SubAssembly_0145
,PRODUCT,Product_0293,Finished Goods,,SubAssembly_0052
,PRODUCT,Product_0294,Finished Goods,,SubAssembly_0100
,PRODUCT,Product_0295,Finished Goods,,SubAssembly_0152
,PRODUCT,Product_0296,Finished Goods,,SubAssembly_0117
,PRODUCT,Product_0297,Finished Goods,,SubAssembly_0185
,PRODUCT,Product_0298,Finished Goods,,SubAssembly_0092
,PRODUCT,Product_0299,Finished Goods,,SubAssembly_0155
,PRODUCT,Product_0300,Finished Goods,,SubAssembly_0008
,PRODUCT,Product_0301,Finished Goods,,SubAssembly_0274
,PRODUCT,Product_0302,Finished Goods,,SubAssembly_0065
,PRODUCT,Product_0303,Finished Goods,,SubAssembly_0141
,PRODUCT,Product_0304,Finished Goods,,SubAssembly_0024
,PRODUCT,Product_0305,Finished Goods,,SubAssembly_0028
,PRODUCT,Product_0306,Finished Goods,,SubAssembly_0284
,PRODUCT,Product_0307,Finished Goods,,SubAssembly_0150
,PRODUCT,Product_0308,Finished Goods,,SubAssembly_0065
,PRODUCT,Product_0309,Finished Goods,,SubAssembly_0252
,PRODUCT,Product_0310,Finished Goods,,SubAssembly_0053
,PRODUCT,Product_0311,Finished Goods,,SubAssembly_0007
,PRODUCT,Product_0312,Finished Goods,,SubAssembly_0294
,PRODUCT,Product_0313,Finished Goods,,SubAssembly_0146
,PRODUCT,Product_0314,Finished Goods,,SubAssembly_0241
,PRODUCT,Product_0315,Finished Goods,,SubAssembly_0246
,PRODUCT,Product_0316,Finished Goods,,SubAssembly_0226
,PRODUCT,Product_0317,Finished Goods,,SubAssembly_0175
,PRODUCT,Product_0318,Finished Goods,,SubAssembly_0095
,PRODUCT,Product_0319,Finished Goods,,SubAssembly_0027
,PRODUCT,Product_0320,Finished Goods,,SubAssembly_0130
,PRODUCT,Product_0321,Finished Goods,,SubAssembly_0245
,PRODUCT,Product_0322,Finished Goods,,SubAssembly_0059
,PRODUCT,Product_0323,Finished Goods,,SubAssembly_0034
,PRODUCT,Product_0324,Finished Goods,,SubAssembly_0206
,PRODUCT,Product_0325,Finished Goods,,SubAssembly_0252
,PRODUCT,Product_0326,Finished Goods,,SubAssembly_0038
,PRODUCT,Product_0327,Finished Goods,,SubAssembly_0296
,PRODUCT,Product_0328,Finished Goods,,SubAssembly_0028
,PRODUCT,Product_0329,Finished Goods,,SubAssembly_0078
,PRODUCT,Product_0330,Finished Goods,,SubAssembly_0077
,PRODUCT,Product_0331,Finished Goods,,SubAssembly_0289
,PRODUCT,Product_0332,Finished Goods,,SubAssembly_0156
,PRODUCT,Product_0333,Finished Goods,,SubAssembly_0044
,PRODUCT,Product_0334,Finished Goods,,SubAssembly_0128
,PRODUCT,Product_0335,Finished Goods,,SubAssembly_0061
,PRODUCT,Product_0336,Finished Goods,,SubAssembly_0286
,PRODUCT,Product_0337,Finished Goods,,SubAssembly_0214
,PRODUCT,Product_0338,Finished Goods,,SubAssembly_0116
,PRODUCT,Product_0339,Finished Goods,,SubAssembly_0268
,PRODUCT,Product_0340,Finished Goods,,SubAssembly_0195
,PRODUCT,Product_0341,Finished Goods,,SubAssembly_0231
,PRODUCT,Product_0342,Finished Goods,,SubAssembly_0227
,PRODUCT,Product_0343,Finished Goods,,SubAssembly_0153
,PRODUCT,Product_0344,Finished Goods,,SubAssembly_0220
,PRODUCT,Product_0345,Finished Goods,,SubAssembly_0157
,PRODUCT,Product_0346,Finished Goods,,SubAssembly_0292
,PRODUCT,Product_0347,Finished Goods,,SubAssembly_0031
,PRODUCT,Product_0348,Finished Goods,,SubAssembly_0051
,PRODUCT,Product_0349,Finished Goods,,SubAssembly_0107
,PRODUCT,Product_0350,Finished Goods,,SubAssembly_0109
,PRODUCT,Product_0351,Finished Goods,,SubAssembly_0136
,PRODUCT,Product_0352,Finished Goods,,SubAssembly_0042
,PRODUCT,Product_0353,Finished Goods,,SubAssembly_0081
,PRODUCT,Product_0354,Finished Goods,,SubAssembly_0123
,PRODUCT,Product_0355,Finished Goods,,SubAssembly_0089
,PRODUCT,Product_0356,Finished Goods,,SubAssembly_0283
,PRODUCT,Product_0357,Finished Goods,,SubAssembly_0039
,PRODUCT,Product_0358,Finished Goods,,SubAssembly_0081
,PRODUCT,Product_0359,Finished Goods,,SubAssembly_0002
,PRODUCT,Product_0360,Finished Goods,,SubAssembly_0210
,PRODUCT,Product_0361,Finished Goods,,SubAssembly_0231
,PRODUCT,Product_0362,Finished Goods,,SubAssembly_0241
,PRODUCT,Product_0363,Finished Goods,,SubAssembly_0150
,PRODUCT,Product_0364,Finished Goods,,SubAssembly_0017
,PRODUCT,Product_0365,Finished Goods,,SubAssembly_0119
,PRODUCT,Product_0366,Finished Goods,,SubAssembly_0148
,PRODUCT,Product_0367,Finished Goods,,SubAssembly_0145
,PRODUCT,Product_0368,Finished Goods,,SubAssembly_0233
,PRODUCT,Product_0369,Finished Goods,,SubAssembly_0037
,PRODUCT,Product_0370,Finished Goods,,SubAssembly_0120
,PRODUCT,Product_0371,Finished Goods,,SubAssembly_0136
,PRODUCT,Product_0372,Finished Goods,,SubAssembly_0102
,PRODUCT,Product_0373,Finished Goods,,SubAssembly_0218
,PRODUCT,Product_0374,Finished Goods,,SubAssembly_0059
,PRODUCT,Product_0375,Finished Goods,,SubAssembly_0279
,PRODUCT,Product_0376,Finished Goods,,SubAssembly_0116
,PRODUCT,Product_0377,Finished Goods,,SubAssembly_0077
,PRODUCT,Product_0378,Finished Goods,,SubAssembly_0137
,PRODUCT,Product_0379,Finished Goods,,SubAssembly_0073
,PRODUCT,Product_0380,Finished Goods,,SubAssembly_0037
,PRODUCT,Product_0381,Finished Goods,,SubAssembly_0031
,PRODUCT,Product_0382,Finished Goods,,SubAssembly_0085
,PRODUCT,Product_0383,Finished Goods,,SubAssembly_0158
,PRODUCT,Product_0384,Finished Goods,,SubAssembly_0292
,PRODUCT,Product_0385,Finished Goods,,SubAssembly_0148
,PRODUCT,Product_0386,Finished Goods,,SubAssembly_0225
